"Datenbank","Lokaler Schlüssel (915)","Lokaler Schlüssel (915.1)","Lokaler Schlüssel (915.2)","Lokaler Schlüssel (915.3)","Lokaler Schlüssel (915.4)","Lokaler Schlüssel (915.5)","Lokaler Schlüssel (915.6)","Lokaler Schlüssel (915.7)","Lokaler Schlüssel (915.8)","Lokaler Schlüssel (915.9)","Datensatz-ID (0)","Verfasser (100)","Verfasser (100.1)","Verfasser (100.2)","Verfasser (100.3)","Hrsg./Beteiligt (101)","Hrsg./Beteiligt (101.1)","Hrsg./Beteiligt (101.2)","Hrsg./Beteiligt (101.3)","Institution (110)","Institution (110.1)","Institution (110.2)","Institution (110.3)","Sonstige Institutionen (112.1)","Titel (200)","Titel (200.1)","Titel (200.2)","Titel (100000)","Verfasserangabe (245)","Verfasserangabe (245.1)","Ausgabe (250)","Ausgabe (250.1)","Ausgabe (250.2)","Ausgabe (250.3)","Ort (260)","Ort (260.1)","Ort (260.2)","Ort (260.3)","Verlag (270)","Verlag (270.1)","Verlag (270.2)","Verlag (270.3)","Erscheinungsjahr (280)","Erscheinungsjahr (280.1)","Erscheinungsjahr (280.2)","Umfang (300)","Umfang (300.1)","Reihe (400)","Reihe (400.1)","Reihe (400.2)","Reihe (400.3)","Fußnote (500)","Fußnote (500.1)","ISBN (490)","ISBN (490.1)","ISBN (490.2)","ISBN (490.3)","ISSN (491)","ISSN (491.1)","ISSN (491.2)","ISSN (491.3)","ISMN (492)","ISMN (492.1)","ISMN (492.2)","ISMN (492.3)","Systematik (080)","Systematik (080.1)","Thema (Schlagwort) (600)","Thema (Schlagwort) (600.1)","Thema (Schlagwort) (600.2)","Thema (Schlagwort) (600.3)","In (770)","In (770.1)","Signatur (852)","Signatur (852.1)","Signatur (852.2)","Signatur (852.3)","URL (850)","URL (850.1)","Standortsignatur (863.1)","Standortsignatur (863.2)",880,880.1
"Internationales Quellenlexikon der Musik (RISM)",,"rism",,,,,,,,,"rism450002045",,"Graupner, Christoph",,,,,,,,,,,,,"Symphonies",,,,,,,,,,,,,,,,,,,,,,,,,,,"Die Partitur trägt den Titel: ""Sinfonia a 2. Violin. Viola e Cembalo. Christoph Graupner""",,,,,,,,,,,,,,,,,,,,,,"Mus.ms 470/1",,,,,,,,
"Internationales Quellenlexikon der Musik (RISM)",,"rism",,,,,,,,,"rism450002046",,"Graupner, Christoph",,,,,,,,,,,,,"Symphonies",,,,,,,,,,,,,,,,,,,,,,,,,,,"Die Partitur trägt den Titel: ""Sinfonia a 2 Violis. Viola e Cembalo. Christoph Graupner""",,,,,,,,,,,,,,,,,,,,,,"Mus.ms 470/2",,,,,,,,
"Internationales Quellenlexikon der Musik (RISM)",,"rism",,,,,,,,,"rism450002047",,"Graupner, Christoph",,,,,,,,,,,,,"Symphonies",,,,,,,,,,,,,,,,,,,,,,,,,,,"Dazu 6f. (21,5 x 17 cm) autographe Partiturskizze",,,,,,,,,,,,,,,,,,,,,,"Mus.ms 470/3",,,,,,,,
"Internationales Quellenlexikon der Musik (RISM)",,"rism",,,,,,,,,"rism450002048",,"Graupner, Christoph",,,,,,,,,,,,,"Symphonies",,,,,,,,,,,,,,,,,,,,,,,,,,,"Alte Zählung: 4 Bogen",,,,,,,,,,,,,,,,,,,,,,"Mus.ms 470/4",,,,,,,,
"Internationales Quellenlexikon der Musik (RISM)",,"rism",,,,,,,,,"rism450002049",,"Graupner, Christoph",,,,,,,,,,,,,"Symphonies",,,,,,,,,,,,,,,,,,,,,,,,,,,"Stimmen von anderer Hand",,,,,,,,,,,,,,,,,,,,,,"Mus.ms 470/5",,,,,,,,
"Internationales Quellenlexikon der Musik (RISM)",,"rism",,,,,,,,,"rism450002050",,"Graupner, Christoph",,,,,,,,,,,,,"Symphonies",,,,,,,,,,,,,,,,,,,,,,,,,,,"Duplikate von anderer Hand",,,,,,,,,,,,,,,,,,,,,,"Mus.ms 470/6",,,,,,,,
"Internationales Quellenlexikon der Musik (RISM)",,"rism",,,,,,,,,"rism450002051",,"Graupner, Christoph",,,,,,,,,,,,,"Symphonies",,,,,,,,,,,,,,,,,,,,,,,,,,,"timp in ,,G,,A,,B,D",,,,,,,,,,,,,,,,,,,,,,"Mus.ms 470/7,I",,,,,,,,
"Internationales Quellenlexikon der Musik (RISM)",,"rism",,,,,,,,,"rism450002053",,"Graupner, Christoph",,,,,,,,,,,,,"Symphonies",,,,,,,,,,,,,,,,,,,,,,,,,,,"timp in ,,F,,G,,A,,B,C,D",,,,,,,,,,,,,,,,,,,,,,"Mus.ms 470/8",,,,,,,,
"Internationales Quellenlexikon der Musik (RISM)",,"rism",,,,,,,,,"rism450002054",,"Graupner, Christoph",,,,,,,,,,,,,"Symphonies",,,,,,,,,,,,,,,,,,,,,,,,,,,"timp in ,,F,,G,C",,,,,,,,,,,,,,,,,,,,,,"Mus.ms 470/9",,,,,,,,
"Internationales Quellenlexikon der Musik (RISM)",,"rism",,,,,,,,,"rism450002055",,"Graupner, Christoph",,,,,,,,,,,,,"Symphonies",,,,,,,,,,,,,,,,,,,,,,,,,,,"Duplikate von anderer Hand",,,,,,,,,,,,,,,,,,,,,,"Mus.ms 470/10",,,,,,,,
"Internationales Quellenlexikon der Musik (RISM)",,"rism",,,,,,,,,"rism450002056",,"Graupner, Christoph",,,,,,,,,,,,,"Symphonies",,,,,,,,,,,,,,,,,,,,,,,,,,,"timp in ,,G,,A,,B,D",,,,,,,,,,,,,,,,,,,,,,"Mus.ms 470/11",,,,,,,,
"Internationales Quellenlexikon der Musik (RISM)",,"rism",,,,,,,,,"rism450002057",,"Graupner, Christoph",,,,,,,,,,,,,"Symphonies",,,,,,,,,,,,,,,,,,,,,,,,,,,"timp in ,,G,,A,,B,D",,,,,,,,,,,,,,,,,,,,,,"Mus.ms 470/12",,,,,,,,
"Internationales Quellenlexikon der Musik (RISM)",,"rism",,,,,,,,,"rism450002058",,"Graupner, Christoph",,,,,,,,,,,,,"Symphonies",,,,,,,,,,,,,,,,,,,,,,,,,,,"timp in ,,G,,A,,B,C,D",,,,,,,,,,,,,,,,,,,,,,"Mus.ms 470/13",,,,,,,,
"Internationales Quellenlexikon der Musik (RISM)",,"rism",,,,,,,,,"rism450002059",,"Graupner, Christoph",,,,,,,,,,,,,"Symphonies",,,,,,,,,,,,,,,,,,,,,,,,,,,"Comment on scoring: bc: vlc, vlne, cemb",,,,,,,,,,,,,,,,,,,,,,"Mus.ms 470/14,I",,,,,,,,
"Internationales Quellenlexikon der Musik (RISM)",,"rism",,,,,,,,,"rism450002061",,"Graupner, Christoph",,,,,,,,,,,,,"Symphonies",,,,,,,,,,,,,,,,,,,,,,,,,,,"Comment on scoring: bc: vlc, cemb",,,,,,,,,,,,,,,,,,,,,,"Mus.ms 470/15",,,,,,,,
"Internationales Quellenlexikon der Musik (RISM)",,"rism",,,,,,,,,"rism450002062",,"Graupner, Christoph",,,,,,,,,,,,,"Symphonies",,,,,,,,,,,,,,,,,,,,,,,,,,,"Comment on scoring: bc: b, cemb",,,,,,,,,,,,,,,,,,,,,,"Mus.ms 470/16",,,,,,,,
"Internationales Quellenlexikon der Musik (RISM)",,"rism",,,,,,,,,"rism450002063",,"Graupner, Christoph",,,,,,,,,,,,,"Symphonies",,,,,,,,,,,,,,,,,,,,,,,,,,,"timp in ,,G,,A,,B,D",,,,,,,,,,,,,,,,,,,,,,"Mus.ms 470/17",,,,,,,,
"Internationales Quellenlexikon der Musik (RISM)",,"rism",,,,,,,,,"rism450002064",,"Graupner, Christoph",,,,,,,,,,,,,"Symphonies",,,,,,,,,,,,,,,,,,,,,,,,,,,"timp in ,,G,,A,,B,D",,,,,,,,,,,,,,,,,,,,,,"Mus.ms 470/18",,,,,,,,
"Internationales Quellenlexikon der Musik (RISM)",,"rism",,,,,,,,,"rism450002065",,"Graupner, Christoph",,,,,,,,,,,,,"Symphonies",,,,,,,,,,,,,,,,,,,,,,,,,,,"Comment on scoring: bc: b, cemb",,,,,,,,,,,,,,,,,,,,,,"Mus.ms 470/19",,,,,,,,
"Internationales Quellenlexikon der Musik (RISM)",,"rism",,,,,,,,,"rism450002066",,"Graupner, Christoph",,,,,,,,,,,,,"Symphonies",,,,,,,,,,,,,,,,,,,,,,,,,,,"Comment on scoring: bc: cemb",,,,,,,,,,,,,,,,,,,,,,"Mus.ms 470/20",,,,,,,,
"Internationales Quellenlexikon der Musik (RISM)",,"rism",,,,,,,,,"rism450002067",,"Graupner, Christoph",,,,,,,,,,,,,"Symphonies",,,,,,,,,,,,,,,,,,,,,,,,,,,"Comment on scoring: bc: b, cemb",,,,,,,,,,,,,,,,,,,,,,"Mus.ms 470/21",,,,,,,,
"Internationales Quellenlexikon der Musik (RISM)",,"rism",,,,,,,,,"rism450002068",,"Graupner, Christoph",,,,,,,,,,,,,"Symphonies",,,,,,,,,,,,,,,,,,,,,,,,,,,"timp in ,,A,D",,,,,,,,,,,,,,,,,,,,,,"Mus.ms 470/22",,,,,,,,
"Internationales Quellenlexikon der Musik (RISM)",,"rism",,,,,,,,,"rism450002069",,"Graupner, Christoph",,,,,,,,,,,,,"Symphonies",,,,,,,,,,,,,,,,,,,,,,,,,,,"Comment on scoring: bc: cemb",,,,,,,,,,,,,,,,,,,,,,"Mus.ms 470/23",,,,,,,,
"Internationales Quellenlexikon der Musik (RISM)",,"rism",,,,,,,,,"rism450002070",,"Graupner, Christoph",,,,,,,,,,,,,"Symphonies",,,,,,,,,,,,,,,,,,,,,,,,,,,"timp in ,,G,,A,,B,D",,,,,,,,,,,,,,,,,,,,,,"Mus.ms 470/24",,,,,,,,
"Internationales Quellenlexikon der Musik (RISM)",,"rism",,,,,,,,,"rism450002071",,"Graupner, Christoph",,,,,,,,,,,,,"Symphonies",,,,,,,,,,,,,,,,,,,,,,,,,,,"Comment on scoring: bc: fag, vlc, vlne, cemb",,,,,,,,,,,,,,,,,,,,,,"Mus.ms 470/25",,,,,,,,
"Internationales Quellenlexikon der Musik (RISM)",,"rism",,,,,,,,,"rism450002072",,"Graupner, Christoph",,,,,,,,,,,,,"Symphonies",,,,,,,,,,,,,,,,,,,,,,,,,,,"timp in ,,G,,B,C,E|b",,,,,,,,,,,,,,,,,,,,,,"Mus.ms 470/26",,,,,,,,
"Internationales Quellenlexikon der Musik (RISM)",,"rism",,,,,,,,,"rism450002073",,"Graupner, Christoph",,,,,,,,,,,,,"Symphonies",,,,,,,,,,,,,,,,,,,,,,,,,,,"timp in ,,G,,B,C,E|b",,,,,,,,,,,,,,,,,,,,,,"Mus.ms 470/27",,,,,,,,
"Internationales Quellenlexikon der Musik (RISM)",,"rism",,,,,,,,,"rism450002074",,"Graupner, Christoph",,,,,,,,,,,,,"Symphonies",,,,,,,,,,,,,,,,,,,,,,,,,,,"Comment on scoring: bc: fag, vlc, vlne, cemb",,,,,,,,,,,,,,,,,,,,,,"Mus.ms 470/28",,,,,,,,
"Internationales Quellenlexikon der Musik (RISM)",,"rism",,,,,,,,,"rism450002075",,"Graupner, Christoph",,,,,,,,,,,,,"Symphonies",,,,,,,,,,,,,,,,,,,,,,,,,,,"Comment on scoring: bc: b, cemb",,,,,,,,,,,,,,,,,,,,,,"Mus.ms 470/29",,,,,,,,
"Internationales Quellenlexikon der Musik (RISM)",,"rism",,,,,,,,,"rism450002076",,"Graupner, Christoph",,,,,,,,,,,,,"Symphonies",,,,,,,,,,,,,,,,,,,,,,,,,,,"timp in ,,F,,G,,A,C",,,,,,,,,,,,,,,,,,,,,,"Mus.ms 470/30",,,,,,,,
"Internationales Quellenlexikon der Musik (RISM)",,"rism",,,,,,,,,"rism450002077",,"Graupner, Christoph",,,,,,,,,,,,,"Symphonies",,,,,,,,,,,,,,,,,,,,,,,,,,,"Comment on scoring: bc: cemb",,,,,,,,,,,,,,,,,,,,,,"Mus.ms 470/31",,,,,,,,
"Internationales Quellenlexikon der Musik (RISM)",,"rism",,,,,,,,,"rism450002078",,"Graupner, Christoph",,,,,,,,,,,,,"Symphonies",,,,,,,,,,,,,,,,,,,,,,,,,,,"Comment on scoring: bc: cemb",,,,,,,,,,,,,,,,,,,,,,"Mus.ms 470/32",,,,,,,,
"Internationales Quellenlexikon der Musik (RISM)",,"rism",,,,,,,,,"rism450002079",,"Graupner, Christoph",,,,,,,,,,,,,"Symphonies",,,,,,,,,,,,,,,,,,,,,,,,,,,"Comment on scoring: bc: vlne, cemb",,,,,,,,,,,,,,,,,,,,,,"Mus.ms 470/33",,,,,,,,
"Internationales Quellenlexikon der Musik (RISM)",,"rism",,,,,,,,,"rism450002080",,"Graupner, Christoph",,,,,,,,,,,,,"Symphonies",,,,,,,,,,,,,,,,,,,,,,,,,,,"timp in ,,G,,A,,B,D",,,,,,,,,,,,,,,,,,,,,,"Mus.ms 470/34",,,,,,,,
"Internationales Quellenlexikon der Musik (RISM)",,"rism",,,,,,,,,"rism450002081",,"Graupner, Christoph",,,,,,,,,,,,,"Symphonies",,,,,,,,,,,,,,,,,,,,,,,,,,,"timp in ,,A,D",,,,,,,,,,,,,,,,,,,,,,"Mus.ms 470/35",,,,,,,,
"Internationales Quellenlexikon der Musik (RISM)",,"rism",,,,,,,,,"rism450002082",,"Graupner, Christoph",,,,,,,,,,,,,"Symphonies",,,,,,,,,,,,,,,,,,,,,,,,,,,"Comment on scoring: bc: b, cemb",,,,,,,,,,,,,,,,,,,,,,"Mus.ms 470/36",,,,,,,,
"Internationales Quellenlexikon der Musik (RISM)",,"rism",,,,,,,,,"rism450002083",,"Graupner, Christoph",,,,,,,,,,,,,"Symphonies",,,,,,,,,,,,,,,,,,,,,,,,,,,"Comment on scoring: bc: b, cemb",,,,,,,,,,,,,,,,,,,,,,"Mus.ms 470/37",,,,,,,,
"Internationales Quellenlexikon der Musik (RISM)",,"rism",,,,,,,,,"rism450002084",,"Graupner, Christoph",,,,,,,,,,,,,"Symphonies",,,,,,,,,,,,,,,,,,,,,,,,,,,"Comment on scoring: bc: b, cemb",,,,,,,,,,,,,,,,,,,,,,"Mus.ms 470/38",,,,,,,,
"Internationales Quellenlexikon der Musik (RISM)",,"rism",,,,,,,,,"rism450002085",,"Graupner, Christoph",,,,,,,,,,,,,"Symphonies",,,,,,,,,,,,,,,,,,,,,,,,,,,"Comment on scoring: bc: b, cemb",,,,,,,,,,,,,,,,,,,,,,"Mus.ms 470/39",,,,,,,,
"Internationales Quellenlexikon der Musik (RISM)",,"rism",,,,,,,,,"rism450002086",,"Graupner, Christoph",,,,,,,,,,,,,"Symphonies",,,,,,,,,,,,,,,,,,,,,,,,,,,"Comment on scoring: bc: b, cemb",,,,,,,,,,,,,,,,,,,,,,"Mus.ms 470/41",,,,,,,,
"Internationales Quellenlexikon der Musik (RISM)",,"rism",,,,,,,,,"rism450002087",,"Graupner, Christoph",,,,,,,,,,,,,"Symphonies",,,,,,,,,,,,,,,,,,,,,,,,,,,"Comment on scoring: bc: vlc, vlne, cemb",,,,,,,,,,,,,,,,,,,,,,"Mus.ms 470/40",,,,,,,,
"Internationales Quellenlexikon der Musik (RISM)",,"rism",,,,,,,,,"rism450002088",,"Graupner, Christoph",,,,,,,,,,,,,"Symphonies",,,,,,,,,,,,,,,,,,,,,,,,,,,"Comment on scoring: bc: b, cemb",,,,,,,,,,,,,,,,,,,,,,"Mus.ms 470/42",,,,,,,,
"Internationales Quellenlexikon der Musik (RISM)",,"rism",,,,,,,,,"rism450002089",,"Graupner, Christoph",,,,,,,,,,,,,"Symphonies",,,,,,,,,,,,,,,,,,,,,,,,,,,"Comment on scoring: bc: b, cemb",,,,,,,,,,,,,,,,,,,,,,"Mus.ms 470/43",,,,,,,,
"Internationales Quellenlexikon der Musik (RISM)",,"rism",,,,,,,,,"rism450002090",,"Graupner, Christoph",,,,,,,,,,,,,"Symphonies",,,,,,,,,,,,,,,,,,,,,,,,,,,"timp in ,,G,,A,,B,D",,,,,,,,,,,,,,,,,,,,,,"Mus.ms 470/44,I",,,,,,,,
"Internationales Quellenlexikon der Musik (RISM)",,"rism",,,,,,,,,"rism450002092",,"Graupner, Christoph",,,,,,,,,,,,,"Symphonies",,,,,,,,,,,,,,,,,,,,,,,,,,,"Comment on scoring: bc: fag, vlne, cemb",,,,,,,,,,,,,,,,,,,,,,"Mus.ms 470/45",,,,,,,,
"Internationales Quellenlexikon der Musik (RISM)",,"rism",,,,,,,,,"rism450002093",,"Graupner, Christoph",,,,,,,,,,,,,"Symphonies",,,,,,,,,,,,,,,,,,,,,,,,,,,"Comment on scoring: bc: fag, b, cemb",,,,,,,,,,,,,,,,,,,,,,"Mus.ms 470/46",,,,,,,,
"Internationales Quellenlexikon der Musik (RISM)",,"rism",,,,,,,,,"rism450002094",,"Graupner, Christoph",,,,,,,,,,,,,"Symphonies",,,,,,,,,,,,,,,,,,,,,,,,,,,"timp in ,,G,,A,,B,D",,,,,,,,,,,,,,,,,,,,,,"Mus.ms 470/47",,,,,,,,
"Internationales Quellenlexikon der Musik (RISM)",,"rism",,,,,,,,,"rism450002095",,"Graupner, Christoph",,,,,,,,,,,,,"Symphonies",,,,,,,,,,,,,,,,,,,,,,,,,,,"Comment on scoring: bc: b, cemb",,,,,,,,,,,,,,,,,,,,,,"Mus.ms 470/48",,,,,,,,
"Internationales Quellenlexikon der Musik (RISM)",,"rism",,,,,,,,,"rism450002096",,"Graupner, Christoph",,,,,,,,,,,,,"Symphonies",,,,,,,,,,,,,,,,,,,,,,,,,,,"timp in ,,G,C",,,,,,,,,,,,,,,,,,,,,,"Mus.ms 470/49",,,,,,,,
"Internationales Quellenlexikon der Musik (RISM)",,"rism",,,,,,,,,"rism450002097",,"Graupner, Christoph",,,,,,,,,,,,,"Symphonies",,,,,,,,,,,,,,,,,,,,,,,,,,,"timp in ,,G,,A,,B,D",,,,,,,,,,,,,,,,,,,,,,"Mus.ms 470/50",,,,,,,,
"Internationales Quellenlexikon der Musik (RISM)",,"rism",,,,,,,,,"rism450002098",,"Graupner, Christoph",,,,,,,,,,,,,"Symphonies",,,,,,,,,,,,,,,,,,,,,,,,,,,"timp in ,,G,,A,,B,D",,,,,,,,,,,,,,,,,,,,,,"Mus.ms 470/51",,,,,,,,
"Internationales Quellenlexikon der Musik (RISM)",,"rism",,,,,,,,,"rism450002099",,"Graupner, Christoph",,,,,,,,,,,,,"Symphonies",,,,,,,,,,,,,,,,,,,,,,,,,,,"Stimmen von anderer Hand",,,,,,,,,,,,,,,,,,,,,,"Mus.ms 470/52",,,,,,,,
"Internationales Quellenlexikon der Musik (RISM)",,"rism",,,,,,,,,"rism450002100",,"Graupner, Christoph",,,,,,,,,,,,,"Symphonies",,,,,,,,,,,,,,,,,,,,,,,,,,,"timp in ,,G,,A,,B,D",,,,,,,,,,,,,,,,,,,,,,"Mus.ms 470/53",,,,,,,,
"Internationales Quellenlexikon der Musik (RISM)",,"rism",,,,,,,,,"rism450002101",,"Graupner, Christoph",,,,,,,,,,,,,"Symphonies",,,,,,,,,,,,,,,,,,,,,,,,,,,"timp in ,,G,,A,,B,D",,,,,,,,,,,,,,,,,,,,,,"Mus.ms 470/54",,,,,,,,
"Internationales Quellenlexikon der Musik (RISM)",,"rism",,,,,,,,,"rism450002102",,"Graupner, Christoph",,,,,,,,,,,,,"Symphonies",,,,,,,,,,,,,,,,,,,,,,,,,,,"timp in ,,G,C",,,,,,,,,,,,,,,,,,,,,,"Mus.ms 470/55",,,,,,,,
"Internationales Quellenlexikon der Musik (RISM)",,"rism",,,,,,,,,"rism450002103",,"Graupner, Christoph",,,,,,,,,,,,,"Symphonies",,,,,,,,,,,,,,,,,,,,,,,,,,,"timp in ,,G,,A,,B,D",,,,,,,,,,,,,,,,,,,,,,"Mus.ms 470/56",,,,,,,,
"Internationales Quellenlexikon der Musik (RISM)",,"rism",,,,,,,,,"rism450002104",,"Graupner, Christoph",,,,,,,,,,,,,"Symphonies",,,,,,,,,,,,,,,,,,,,,,,,,,,"Comment on scoring: bc: b, cemb",,,,,,,,,,,,,,,,,,,,,,"Mus.ms 470/57",,,,,,,,
"Internationales Quellenlexikon der Musik (RISM)",,"rism",,,,,,,,,"rism450002105",,"Graupner, Christoph",,,,,,,,,,,,,"Symphonies",,,,,,,,,,,,,,,,,,,,,,,,,,,"Comment on scoring: bc: b, cemb",,,,,,,,,,,,,,,,,,,,,,"Mus.ms 470/58",,,,,,,,
"Internationales Quellenlexikon der Musik (RISM)",,"rism",,,,,,,,,"rism450002106",,"Graupner, Christoph",,,,,,,,,,,,,"Symphonies",,,,,,,,,,,,,,,,,,,,,,,,,,,"Comment on scoring: bc: b, cemb",,,,,,,,,,,,,,,,,,,,,,"Mus.ms 470/59",,,,,,,,
"Internationales Quellenlexikon der Musik (RISM)",,"rism",,,,,,,,,"rism450002107",,"Graupner, Christoph",,,,,,,,,,,,,"Symphonies",,,,,,,,,,,,,,,,,,,,,,,,,,,"Comment on scoring: bc: b, cemb",,,,,,,,,,,,,,,,,,,,,,"Mus.ms 470/60",,,,,,,,
"Internationales Quellenlexikon der Musik (RISM)",,"rism",,,,,,,,,"rism450002108",,"Graupner, Christoph",,,,,,,,,,,,,"Symphonies",,,,,,,,,,,,,,,,,,,,,,,,,,,"Comment on scoring: bc: b, cemb",,,,,,,,,,,,,,,,,,,,,,"Mus.ms 470/61",,,,,,,,
"Internationales Quellenlexikon der Musik (RISM)",,"rism",,,,,,,,,"rism450002109",,"Graupner, Christoph",,,,,,,,,,,,,"Symphonies",,,,,,,,,,,,,,,,,,,,,,,,,,,"Comment on scoring: bc: fag, cemb",,,,,,,,,,,,,,,,,,,,,,"Mus.ms 470/62",,,,,,,,
"Internationales Quellenlexikon der Musik (RISM)",,"rism",,,,,,,,,"rism450002110",,"Graupner, Christoph",,,,,,,,,,,,,"Symphonies",,,,,,,,,,,,,,,,,,,,,,,,,,,"Comment on scoring: bc: b, cemb",,,,,,,,,,,,,,,,,,,,,,"Mus.ms 470/63",,,,,,,,
"Internationales Quellenlexikon der Musik (RISM)",,"rism",,,,,,,,,"rism450002111",,"Graupner, Christoph",,,,,,,,,,,,,"Symphonies",,,,,,,,,,,,,,,,,,,,,,,,,,,"Comment on scoring: bc: b, cemb",,,,,,,,,,,,,,,,,,,,,,"Mus.ms 470/64",,,,,,,,
"Internationales Quellenlexikon der Musik (RISM)",,"rism",,,,,,,,,"rism450002112",,"Graupner, Christoph",,,,,,,,,,,,,"Symphonies",,,,,,,,,,,,,,,,,,,,,,,,,,,"Comment on scoring: bc: b, cemb",,,,,,,,,,,,,,,,,,,,,,"Mus.ms 470/65",,,,,,,,
"Internationales Quellenlexikon der Musik (RISM)",,"rism",,,,,,,,,"rism450002113",,"Graupner, Christoph",,,,,,,,,,,,,"Symphonies",,,,,,,,,,,,,,,,,,,,,,,,,,,"Comment on scoring: bc: fag, b, cemb",,,,,,,,,,,,,,,,,,,,,,"Mus.ms 470/66",,,,,,,,
"Internationales Quellenlexikon der Musik (RISM)",,"rism",,,,,,,,,"rism450002114",,"Graupner, Christoph",,,,,,,,,,,,,"Symphonies",,,,,,,,,,,,,,,,,,,,,,,,,,,"timp in ,,G,,A,,B,D",,,,,,,,,,,,,,,,,,,,,,"Mus.ms 470/67",,,,,,,,
"Internationales Quellenlexikon der Musik (RISM)",,"rism",,,,,,,,,"rism450002115",,"Graupner, Christoph",,,,,,,,,,,,,"Symphonies",,,,,,,,,,,,,,,,,,,,,,,,,,,"timp in ,,G,,A,,B,D",,,,,,,,,,,,,,,,,,,,,,"Mus.ms 470/68",,,,,,,,
"Internationales Quellenlexikon der Musik (RISM)",,"rism",,,,,,,,,"rism450002116",,"Graupner, Christoph",,,,,,,,,,,,,"Symphonies",,,,,,,,,,,,,,,,,,,,,,,,,,,"timp in ,,G,,A,,B,D",,,,,,,,,,,,,,,,,,,,,,"Mus.ms 470/69",,,,,,,,
"Internationales Quellenlexikon der Musik (RISM)",,"rism",,,,,,,,,"rism450002117",,"Graupner, Christoph",,,,,,,,,,,,,"Symphonies",,,,,,,,,,,,,,,,,,,,,,,,,,,"timp in ,,G,,A,,B,D",,,,,,,,,,,,,,,,,,,,,,"Mus.ms 470/70",,,,,,,,
"Internationales Quellenlexikon der Musik (RISM)",,"rism",,,,,,,,,"rism450002118",,"Graupner, Christoph",,,,,,,,,,,,,"Symphonies",,,,,,,,,,,,,,,,,,,,,,,,,,,"Comment on scoring: bc: vlne, cemb",,,,,,,,,,,,,,,,,,,,,,"Mus.ms 470/71",,,,,,,,
"Internationales Quellenlexikon der Musik (RISM)",,"rism",,,,,,,,,"rism450002119",,"Graupner, Christoph",,,,,,,,,,,,,"Symphonies",,,,,,,,,,,,,,,,,,,,,,,,,,,"Comment on scoring: bc: vlne, cemb",,,,,,,,,,,,,,,,,,,,,,"Mus.ms 470/72",,,,,,,,
"Internationales Quellenlexikon der Musik (RISM)",,"rism",,,,,,,,,"rism450002120",,"Graupner, Christoph",,,,,,,,,,,,,"Symphonies",,,,,,,,,,,,,,,,,,,,,,,,,,,"Comment on scoring: bc: vlne, cemb",,,,,,,,,,,,,,,,,,,,,,"Mus.ms 470/73",,,,,,,,
"Internationales Quellenlexikon der Musik (RISM)",,"rism",,,,,,,,,"rism450002121",,"Graupner, Christoph",,,,,,,,,,,,,"Symphonies",,,,,,,,,,,,,,,,,,,,,,,,,,,"Comment on scoring: bc: vlne, cemb",,,,,,,,,,,,,,,,,,,,,,"Mus.ms 470/74",,,,,,,,
"Internationales Quellenlexikon der Musik (RISM)",,"rism",,,,,,,,,"rism450002122",,"Graupner, Christoph",,,,,,,,,,,,,"Symphonies",,,,,,,,,,,,,,,,,,,,,,,,,,,"Stimmen von anderer Hand",,,,,,,,,,,,,,,,,,,,,,"Mus.ms 470/75",,,,,,,,
"Internationales Quellenlexikon der Musik (RISM)",,"rism",,,,,,,,,"rism450002123",,"Graupner, Christoph",,,,,,,,,,,,,"Symphonies",,,,,,,,,,,,,,,,,,,,,,,,,,,"Stimmen von anderer Hand",,,,,,,,,,,,,,,,,,,,,,"Mus.ms 470/76",,,,,,,,
"Internationales Quellenlexikon der Musik (RISM)",,"rism",,,,,,,,,"rism450002124",,"Graupner, Christoph",,,,,,,,,,,,,"Symphonies",,,,,,,,,,,,,,,,,,,,,,,,,,,"Comment on scoring: bc: vlne, cemb",,,,,,,,,,,,,,,,,,,,,,"Mus.ms 470/77",,,,,,,,
"Internationales Quellenlexikon der Musik (RISM)",,"rism",,,,,,,,,"rism450002125",,"Graupner, Christoph",,,,,,,,,,,,,"Symphonies",,,,,,,,,,,,,,,,,,,,,,,,,,,"Comment on scoring: bc: vlne, cemb",,,,,,,,,,,,,,,,,,,,,,"Mus.ms 470/78",,,,,,,,
"Internationales Quellenlexikon der Musik (RISM)",,"rism",,,,,,,,,"rism450002126",,"Graupner, Christoph",,,,,,,,,,,,,"Symphonies",,,,,,,,,,,,,,,,,,,,,,,,,,,"Comment on scoring: bc: vlne, cemb",,,,,,,,,,,,,,,,,,,,,,"Mus.ms 470/79",,,,,,,,
"Internationales Quellenlexikon der Musik (RISM)",,"rism",,,,,,,,,"rism450002127",,"Graupner, Christoph",,,,,,,,,,,,,"Symphonies",,,,,,,,,,,,,,,,,,,,,,,,,,,"Comment on scoring: bc: vlne, cemb",,,,,,,,,,,,,,,,,,,,,,"Mus.ms 470/80",,,,,,,,
"Internationales Quellenlexikon der Musik (RISM)",,"rism",,,,,,,,,"rism450002128",,"Graupner, Christoph",,,,,,,,,,,,,"Symphonies",,,,,,,,,,,,,,,,,,,,,,,,,,,"Stimmen von anderer Hand",,,,,,,,,,,,,,,,,,,,,,"Mus.ms 470/81",,,,,,,,
"Internationales Quellenlexikon der Musik (RISM)",,"rism",,,,,,,,,"rism450002129",,"Graupner, Christoph",,,,,,,,,,,,,"Symphonies",,,,,,,,,,,,,,,,,,,,,,,,,,,"Stimmen von anderer Hand",,,,,,,,,,,,,,,,,,,,,,"Mus.ms 470/82",,,,,,,,
"Internationales Quellenlexikon der Musik (RISM)",,"rism",,,,,,,,,"rism450002130",,"Graupner, Christoph",,,,,,,,,,,,,"Symphonies",,,,,,,,,,,,,,,,,,,,,,,,,,,"Comment on scoring: bc: vlne, cemb",,,,,,,,,,,,,,,,,,,,,,"Mus.ms 470/83",,,,,,,,
"Internationales Quellenlexikon der Musik (RISM)",,"rism",,,,,,,,,"rism450002131",,"Graupner, Christoph",,,,,,,,,,,,,"Symphonies",,,,,,,,,,,,,,,,,,,,,,,,,,,"Stimmen von anderer Hand",,,,,,,,,,,,,,,,,,,,,,"Mus.ms 470/84",,,,,,,,
"Internationales Quellenlexikon der Musik (RISM)",,"rism",,,,,,,,,"rism450002132",,"Graupner, Christoph",,,,,,,,,,,,,"Symphonies",,,,,,,,,,,,,,,,,,,,,,,,,,,"Comment on scoring: bc: vlne, cemb",,,,,,,,,,,,,,,,,,,,,,"Mus.ms 470/85",,,,,,,,
"Internationales Quellenlexikon der Musik (RISM)",,"rism",,,,,,,,,"rism450002133",,"Graupner, Christoph",,,,,,,,,,,,,"Symphonies",,,,,,,,,,,,,,,,,,,,,,,,,,,"Stimmen von anderer Hand",,,,,,,,,,,,,,,,,,,,,,"Mus.ms 470/86",,,,,,,,
"Internationales Quellenlexikon der Musik (RISM)",,"rism",,,,,,,,,"rism450002134",,"Graupner, Christoph",,,,,,,,,,,,,"Symphonies",,,,,,,,,,,,,,,,,,,,,,,,,,,"Stimmen von anderer Hand",,,,,,,,,,,,,,,,,,,,,,"Mus.ms 470/87",,,,,,,,
"Internationales Quellenlexikon der Musik (RISM)",,"rism",,,,,,,,,"rism450002135",,"Graupner, Christoph",,,,,,,,,,,,,"Symphonies",,,,,,,,,,,,,,,,,,,,,,,,,,,"Comment on scoring: bc: fag, vlne, cemb",,,,,,,,,,,,,,,,,,,,,,"Mus.ms 470/88",,,,,,,,
"Internationales Quellenlexikon der Musik (RISM)",,"rism",,,,,,,,,"rism450002136",,"Graupner, Christoph",,,,,,,,,,,,,"Symphonies",,,,,,,,,,,,,,,,,,,,,,,,,,,"Stimmen von anderer Hand",,,,,,,,,,,,,,,,,,,,,,"Mus.ms 470/89",,,,,,,,
"Internationales Quellenlexikon der Musik (RISM)",,"rism",,,,,,,,,"rism450002137",,"Graupner, Christoph",,,,,,,,,,,,,"Symphonies",,,,,,,,,,,,,,,,,,,,,,,,,,,"timp in ,,F,,G,,A,C",,,,,,,,,,,,,,,,,,,,,,"Mus.ms 470/90",,,,,,,,
"Internationales Quellenlexikon der Musik (RISM)",,"rism",,,,,,,,,"rism450002138",,"Graupner, Christoph",,,,,,,,,,,,,"Symphonies",,,,,,,,,,,,,,,,,,,,,,,,,,,"Stimmen von anderer Hand",,,,,,,,,,,,,,,,,,,,,,"Mus.ms 470/91",,,,,,,,
"Internationales Quellenlexikon der Musik (RISM)",,"rism",,,,,,,,,"rism450002139",,"Graupner, Christoph",,,,,,,,,,,,,"Symphonies",,,,,,,,,,,,,,,,,,,,,,,,,,,"timp in ,,G,,A,,B,D",,,,,,,,,,,,,,,,,,,,,,"Mus.ms 470/92",,,,,,,,
"Internationales Quellenlexikon der Musik (RISM)",,"rism",,,,,,,,,"rism450002140",,"Graupner, Christoph",,,,,,,,,,,,,"Symphonies",,,,,,,,,,,,,,,,,,,,,,,,,,,"Stimmen von anderer Hand",,,,,,,,,,,,,,,,,,,,,,"Mus.ms 470/93",,,,,,,,
"Internationales Quellenlexikon der Musik (RISM)",,"rism",,,,,,,,,"rism450002141",,"Graupner, Christoph",,,,,,,,,,,,,"Symphonies",,,,,,,,,,,,,,,,,,,,,,,,,,,"timp in ,,G,,A,,B,D",,,,,,,,,,,,,,,,,,,,,,"Mus.ms 470/94",,,,,,,,
"Internationales Quellenlexikon der Musik (RISM)",,"rism",,,,,,,,,"rism450002142",,"Graupner, Christoph",,,,,,,,,,,,,"Symphonies",,,,,,,,,,,,,,,,,,,,,,,,,,,"timp in ,,G,,A,,B,D",,,,,,,,,,,,,,,,,,,,,,"Mus.ms 470/95",,,,,,,,
"Internationales Quellenlexikon der Musik (RISM)",,"rism",,,,,,,,,"rism450002143",,"Graupner, Christoph",,,,,,,,,,,,,"Symphonies",,,,,,,,,,,,,,,,,,,,,,,,,,,"Stimmen von anderer Hand",,,,,,,,,,,,,,,,,,,,,,"Mus.ms 470/96",,,,,,,,
"Internationales Quellenlexikon der Musik (RISM)",,"rism",,,,,,,,,"rism450002144",,"Graupner, Christoph",,,,,,,,,,,,,"Symphonies",,,,,,,,,,,,,,,,,,,,,,,,,,,"timp in ,,G,,A,,B,D",,,,,,,,,,,,,,,,,,,,,,"Mus.ms 470/97",,,,,,,,
"Internationales Quellenlexikon der Musik (RISM)",,"rism",,,,,,,,,"rism450002145",,"Graupner, Christoph",,,,,,,,,,,,,"Symphonies",,,,,,,,,,,,,,,,,,,,,,,,,,,"Stimmen von anderer Hand",,,,,,,,,,,,,,,,,,,,,,"Mus.ms 470/98",,,,,,,,
"Internationales Quellenlexikon der Musik (RISM)",,"rism",,,,,,,,,"rism450002146",,"Graupner, Christoph",,,,,,,,,,,,,"Symphonies",,,,,,,,,,,,,,,,,,,,,,,,,,,"Comment on scoring: bc: vlne, cemb",,,,,,,,,,,,,,,,,,,,,,"Mus.ms 470/99",,,,,,,,
"Internationales Quellenlexikon der Musik (RISM)",,"rism",,,,,,,,,"rism450002147",,"Graupner, Christoph",,,,,,,,,,,,,"Symphonies",,,,,,,,,,,,,,,,,,,,,,,,,,,"Stimmen von anderer Hand",,,,,,,,,,,,,,,,,,,,,,"Mus.ms 470/100",,,,,,,,
